tag,model,framework,topology,num_gpus,stage,stage_key,stage_label,conc,out_tput_pool,out_tput_chip,tot_tput_pool,tot_tput_chip,req_tput,ttft_avg_ms,ttft_p50_ms,ttft_p90_ms,ttft_p99_ms,itl_avg_ms,itl_p50_ms,itl_p90_ms,itl_p99_ms,req_lat_avg_ms,req_lat_p90_ms,e2e_lat_per_tok_ms,e2e_interactivity_tok_s_u,isl_avg,osl_avg,kv_hit_pct
glm53_dynamo_stage1_naive_rr_c16,zai-org/GLM-5.3,NVIDIA Dynamo + SGLang v0.5.10,"2x TP=8, EP=8, DP=8 (16x B200)",16,1,stage1_naive_rr,Stage 1: Naive L7 Round-Robin,16,310.7,19.42,3962.74,247.67,0.74,1012.69,1003.91,1552.17,1985.64,11.37,10.38,12.36,31.58,5506.15,10077.13,16.01,62.45,4956.5,421.7,10.25
glm53_dynamo_stage1_naive_rr_c32,zai-org/GLM-5.3,NVIDIA Dynamo + SGLang v0.5.10,"2x TP=8, EP=8, DP=8 (16x B200)",16,1,stage1_naive_rr,Stage 1: Naive L7 Round-Robin,32,418.72,26.17,6426.04,401.63,1.16,1349.33,1197.87,2493.15,3472.88,16.38,15.53,20.97,47.59,6828.17,15558.59,27.81,35.96,5188.4,361.6,15.83
glm53_dynamo_stage1_naive_rr_c64,zai-org/GLM-5.3,NVIDIA Dynamo + SGLang v0.5.10,"2x TP=8, EP=8, DP=8 (16x B200)",16,1,stage1_naive_rr,Stage 1: Naive L7 Round-Robin,64,499.03,31.19,7427.36,464.21,1.61,1627.86,1531.21,3038.75,4107.02,31.42,20.7,38.67,199.01,8469.29,17038.23,48.32,20.69,4316.2,310.9,1.79
glm53_dynamo_stage1_naive_rr_c128,zai-org/GLM-5.3,NVIDIA Dynamo + SGLang v0.5.10,"2x TP=8, EP=8, DP=8 (16x B200)",16,1,stage1_naive_rr,Stage 1: Naive L7 Round-Robin,128,711.91,44.49,10610.86,663.18,2.61,2068.43,1379.95,4658.42,5946.32,40.1,29.92,50.59,211.5,9845.42,18061.93,67.45,14.83,3799.8,273.3,9.11
glm53_dynamo_stage1_naive_rr_c256,zai-org/GLM-5.3,NVIDIA Dynamo + SGLang v0.5.10,"2x TP=8, EP=8, DP=8 (16x B200)",16,1,stage1_naive_rr,Stage 1: Naive L7 Round-Robin,256,914.34,57.15,18436.46,1152.28,3.68,4379.12,3813.3,9421.59,11101.94,74.84,36.63,90.2,522.6,13790.19,19262.26,127.79,7.83,4756.3,248.2,28.87
glm53_dynamo_stage2_kv_routing_c16,zai-org/GLM-5.3,NVIDIA Dynamo + SGLang v0.5.10,"2x TP=8, EP=8, DP=8 (16x B200)",16,2,stage2_kv_routing,Stage 2: Dynamo KV-Cache-Aware Routing (Colocated P/D),16,486.34,30.4,5111.44,319.46,0.9,458.9,310.72,810.66,812.29,10.07,10.2,10.97,11.17,5995.08,16270.0,12.45,80.33,5139.1,540.4,68.39
glm53_dynamo_stage2_kv_routing_c32,zai-org/GLM-5.3,NVIDIA Dynamo + SGLang v0.5.10,"2x TP=8, EP=8, DP=8 (16x B200)",16,2,stage2_kv_routing,Stage 2: Dynamo KV-Cache-Aware Routing (Colocated P/D),32,614.57,38.41,8015.72,500.98,1.42,640.69,416.11,1260.65,1270.37,12.83,12.84,14.59,15.5,6185.11,15211.54,17.48,57.2,5193.9,431.3,65.81
glm53_dynamo_stage2_kv_routing_c64,zai-org/GLM-5.3,NVIDIA Dynamo + SGLang v0.5.10,"2x TP=8, EP=8, DP=8 (16x B200)",16,2,stage2_kv_routing,Stage 2: Dynamo KV-Cache-Aware Routing (Colocated P/D),64,914.76,57.17,10644.34,665.27,2.25,912.27,576.72,1759.38,1763.9,15.22,15.74,18.05,21.55,7217.57,16683.05,22.34,44.77,4324.5,406.6,77.17
glm53_dynamo_stage2_kv_routing_c128,zai-org/GLM-5.3,NVIDIA Dynamo + SGLang v0.5.10,"2x TP=8, EP=8, DP=8 (16x B200)",16,2,stage2_kv_routing,Stage 2: Dynamo KV-Cache-Aware Routing (Colocated P/D),128,1264.17,79.01,14955.16,934.7,3.6,1239.82,746.44,2724.87,3037.49,21.65,21.77,27.02,44.98,8656.72,18705.99,34.7,28.82,3803.1,351.2,59.35
glm53_dynamo_stage2_kv_routing_c256,zai-org/GLM-5.3,NVIDIA Dynamo + SGLang v0.5.10,"2x TP=8, EP=8, DP=8 (16x B200)",16,2,stage2_kv_routing,Stage 2: Dynamo KV-Cache-Aware Routing (Colocated P/D),256,1310.74,81.92,21632.85,1352.05,4.65,2425.51,2338.77,4926.08,5717.82,58.0,32.82,61.07,299.01,11842.04,19598.2,78.33,12.77,4370.5,281.9,55.74
glm53_dynamo_stage3_pd_disagg_c16,zai-org/GLM-5.3,NVIDIA Dynamo + SGLang v0.5.10,"2x TP=8, EP=8, DP=8 (16x B200)",16,3,stage3_pd_disagg,Stage 3: Dynamo Disaggregated P/D + KV Routing (HBM Only),16,520.96,32.56,5214.22,325.89,0.92,311.45,241.24,493.48,495.02,9.96,10.13,10.83,11.02,6015.35,15701.6,11.69,85.57,5074.0,563.2,76.51
glm53_dynamo_stage3_pd_disagg_c32,zai-org/GLM-5.3,NVIDIA Dynamo + SGLang v0.5.10,"2x TP=8, EP=8, DP=8 (16x B200)",16,3,stage3_pd_disagg,Stage 3: Dynamo Disaggregated P/D + KV Routing (HBM Only),32,645.98,40.37,8667.03,541.69,1.47,394.96,340.64,635.37,638.04,13.04,12.88,14.2,26.73,5966.99,14463.48,15.61,64.04,5438.3,438.0,79.45
glm53_dynamo_stage3_pd_disagg_c64,zai-org/GLM-5.3,NVIDIA Dynamo + SGLang v0.5.10,"2x TP=8, EP=8, DP=8 (16x B200)",16,3,stage3_pd_disagg,Stage 3: Dynamo Disaggregated P/D + KV Routing (HBM Only),64,1018.23,63.64,11423.05,713.94,2.35,589.93,361.81,1078.48,1121.41,15.02,15.38,17.92,21.17,7158.74,16925.55,20.37,49.1,4427.8,433.3,82.77
glm53_dynamo_stage3_pd_disagg_c128,zai-org/GLM-5.3,NVIDIA Dynamo + SGLang v0.5.10,"2x TP=8, EP=8, DP=8 (16x B200)",16,3,stage3_pd_disagg,Stage 3: Dynamo Disaggregated P/D + KV Routing (HBM Only),128,1376.14,86.01,16504.78,1031.55,3.77,878.66,463.76,1899.55,1982.33,21.33,21.73,25.59,41.53,8450.93,18316.2,30.73,32.54,4007.6,364.5,80.84
glm53_dynamo_stage3_pd_disagg_c256,zai-org/GLM-5.3,NVIDIA Dynamo + SGLang v0.5.10,"2x TP=8, EP=8, DP=8 (16x B200)",16,3,stage3_pd_disagg,Stage 3: Dynamo Disaggregated P/D + KV Routing (HBM Only),256,1625.6,101.6,25077.12,1567.32,5.42,1542.99,1535.12,3192.7,3625.81,36.32,29.3,38.97,140.98,10096.4,19044.09,49.49,20.21,4323.0,299.7,74.66
glm53_dynamo_stage4_hicache_dram_c16,zai-org/GLM-5.3,NVIDIA Dynamo + SGLang v0.5.10,"2x TP=8, EP=8, DP=8 (16x B200)",16,4,stage4_hicache_dram,Stage 4: SGLang HiCache Host DRAM Tier (--hicache-ratio 2.0),16,523.08,32.69,5525.31,345.33,0.95,256.57,219.29,359.86,362.55,9.95,10.12,11.1,11.25,5811.49,16249.32,11.73,85.23,5265.7,550.6,99.0
glm53_dynamo_stage4_hicache_dram_c32,zai-org/GLM-5.3,NVIDIA Dynamo + SGLang v0.5.10,"2x TP=8, EP=8, DP=8 (16x B200)",16,4,stage4_hicache_dram,Stage 4: SGLang HiCache Host DRAM Tier (--hicache-ratio 2.0),32,649.31,40.58,8812.46,550.78,1.5,315.84,299.81,540.92,545.17,12.97,12.84,14.98,21.24,5839.02,14229.65,16.2,61.74,5442.2,432.9,97.54
glm53_dynamo_stage4_hicache_dram_c64,zai-org/GLM-5.3,NVIDIA Dynamo + SGLang v0.5.10,"2x TP=8, EP=8, DP=8 (16x B200)",16,4,stage4_hicache_dram,Stage 4: SGLang HiCache Host DRAM Tier (--hicache-ratio 2.0),64,1018.27,63.64,11406.25,712.89,2.35,368.8,338.37,568.13,576.14,14.96,15.66,17.54,18.57,6982.39,16341.69,18.81,53.15,4420.4,433.3,96.68
glm53_dynamo_stage4_hicache_dram_c128,zai-org/GLM-5.3,NVIDIA Dynamo + SGLang v0.5.10,"2x TP=8, EP=8, DP=8 (16x B200)",16,4,stage4_hicache_dram,Stage 4: SGLang HiCache Host DRAM Tier (--hicache-ratio 2.0),128,1439.77,89.99,16897.97,1056.12,3.87,513.78,370.28,915.32,1024.75,20.71,21.4,24.76,36.09,8202.02,17903.45,27.15,36.83,3989.5,371.6,97.5
glm53_dynamo_stage4_hicache_dram_c256,zai-org/GLM-5.3,NVIDIA Dynamo + SGLang v0.5.10,"2x TP=8, EP=8, DP=8 (16x B200)",16,4,stage4_hicache_dram,Stage 4: SGLang HiCache Host DRAM Tier (--hicache-ratio 2.0),256,1747.48,109.22,27150.65,1696.92,5.77,1015.03,835.74,2072.98,2108.34,29.72,28.01,35.22,53.18,9161.84,18559.79,41.95,23.84,4399.1,302.6,94.3
glm53_dynamo_stage5_mooncake_lustre_c16,zai-org/GLM-5.3,NVIDIA Dynamo + SGLang v0.5.10,"2x TP=8, EP=8, DP=8 (16x B200)",16,5,stage5_mooncake_lustre,"Stage 5: Mooncake + 1,000 MBps/TiB Lustre KV Tier",16,474.11,29.63,5359.31,334.96,1.0,250.32,208.68,357.34,359.54,10.26,10.25,10.95,14.73,5150.53,14953.35,11.68,85.59,4885.2,474.1,94.06
glm53_dynamo_stage5_mooncake_lustre_c32,zai-org/GLM-5.3,NVIDIA Dynamo + SGLang v0.5.10,"2x TP=8, EP=8, DP=8 (16x B200)",16,5,stage5_mooncake_lustre,"Stage 5: Mooncake + 1,000 MBps/TiB Lustre KV Tier",32,992.59,62.04,10545.16,659.07,1.7,327.81,305.91,639.1,642.43,13.25,13.05,15.47,20.15,7987.62,23744.85,16.54,60.47,5633.8,585.4,92.4
glm53_dynamo_stage5_mooncake_lustre_c64,zai-org/GLM-5.3,NVIDIA Dynamo + SGLang v0.5.10,"2x TP=8, EP=8, DP=8 (16x B200)",16,5,stage5_mooncake_lustre,"Stage 5: Mooncake + 1,000 MBps/TiB Lustre KV Tier",64,1121.22,70.08,12289.38,768.09,2.41,396.79,335.15,632.79,638.48,15.47,15.82,18.44,24.74,7715.07,17666.14,19.76,50.6,4628.3,464.7,97.76
glm53_dynamo_stage5_mooncake_lustre_c128,zai-org/GLM-5.3,NVIDIA Dynamo + SGLang v0.5.10,"2x TP=8, EP=8, DP=8 (16x B200)",16,5,stage5_mooncake_lustre,"Stage 5: Mooncake + 1,000 MBps/TiB Lustre KV Tier",128,1586.32,99.15,17571.37,1098.21,3.93,598.01,381.09,1480.68,2655.93,21.76,21.73,25.93,39.2,9261.81,20694.49,29.54,33.85,4062.6,403.2,94.62
glm53_dynamo_stage5_mooncake_lustre_c256,zai-org/GLM-5.3,NVIDIA Dynamo + SGLang v0.5.10,"2x TP=8, EP=8, DP=8 (16x B200)",16,5,stage5_mooncake_lustre,"Stage 5: Mooncake + 1,000 MBps/TiB Lustre KV Tier",256,2143.3,133.96,28605.88,1787.87,5.91,1112.6,926.54,2296.98,4138.26,37.63,31.04,43.43,95.52,11806.64,23903.92,49.65,20.14,4475.4,362.5,91.37
