tag,stage,concurrency,out_tput_pool,out_tput_per_chip,tot_tput_pool,tot_tput_per_chip,ttft_avg_ms,ttft_p90_ms,itl_avg_ms,itl_p90_ms,p90_e2e_tok_lat_ms,interactivity_p90_tok_s_user,interactivity_itl_p90_tok_s_user,kv_cache_hit_pct
kimik3_llmd_stage1_naive_rr_c8,1,8,129.3,8.08,1610.1,100.6,836.18,1276.5,21.97,30.63,33.98,29.43,32.65,23.66
kimik3_llmd_stage1_naive_rr_c16,1,16,114.4,7.15,2493.0,155.8,1092.59,2378.4,33.99,42.63,52.39,19.09,23.46,31.05
kimik3_llmd_stage1_naive_rr_c32,1,32,90.1,5.63,2956.6,184.8,3512.68,9032.2,52.69,106.43,153.81,6.5,9.4,12.92
kimik3_llmd_stage1_naive_rr_c64,1,64,62.9,3.93,1833.6,114.6,4575.07,12690.2,83.28,156.43,234.44,4.27,6.39,1.68
kimik3_llmd_stage1_naive_rr_c128,1,128,125.6,7.85,1693.6,105.8,3014.79,8837.4,60.88,94.63,136.98,7.3,10.57,0.0
kimik3_llmd_stage2_kv_routing_c8,2,8,123.3,7.7,1576.4,98.5,858.67,1993.3,20.97,28.79,33.99,29.42,34.74,18.57
kimik3_llmd_stage2_kv_routing_c16,2,16,150.4,9.4,2595.3,162.2,1375.41,3466.0,32.18,44.81,56.67,17.64,22.32,31.29
kimik3_llmd_stage2_kv_routing_c32,2,32,134.2,8.39,3369.1,210.6,2189.63,5938.9,51.38,86.92,112.51,8.89,11.5,31.58
kimik3_llmd_stage2_kv_routing_c64,2,64,68.2,4.26,1857.1,116.1,3126.09,9541.5,79.25,130.84,187.82,5.32,7.64,11.05
kimik3_llmd_stage2_kv_routing_c128,2,128,90.3,5.65,2184.1,136.5,3460.01,10438.7,62.95,111.66,178.75,5.59,8.96,0.0
kimik3_llmd_stage3_pd_disagg_c8,3,8,123.3,7.7,1576.4,98.5,879.14,2124.1,21.21,31.04,36.58,27.34,32.21,28.89
kimik3_llmd_stage3_pd_disagg_c16,3,16,150.4,9.4,2595.4,162.2,1166.25,2611.3,35.4,48.7,57.58,17.37,20.54,44.09
kimik3_llmd_stage3_pd_disagg_c32,3,32,99.8,6.24,2701.7,168.9,1720.92,4803.3,54.14,82.54,107.21,9.33,12.12,49.0
kimik3_llmd_stage3_pd_disagg_c64,3,64,66.3,4.15,1719.2,107.4,3095.52,8240.9,78.68,132.94,183.41,5.45,7.52,14.58
kimik3_llmd_stage3_pd_disagg_c128,3,128,116.6,7.29,2651.7,165.7,3856.07,13549.8,59.98,103.79,176.47,5.67,9.63,0.12
kimik3_llmd_stage4_native_dram_c8,4,8,123.3,7.7,1574.1,98.4,436.19,740.9,27.12,43.71,45.56,21.95,22.88,65.1
kimik3_llmd_stage4_native_dram_c16,4,16,150.4,9.4,2591.7,162.0,657.41,1328.7,35.46,62.31,66.71,14.99,16.05,76.63
kimik3_llmd_stage4_native_dram_c32,4,32,170.9,10.68,3447.2,215.4,870.81,2117.2,48.71,86.8,95.06,10.52,11.52,71.19
kimik3_llmd_stage4_native_dram_c64,4,64,122.4,7.65,2422.3,151.4,1825.17,3998.0,66.14,133.76,150.91,6.63,7.48,39.53
kimik3_llmd_stage4_native_dram_c128,4,128,124.4,7.77,2541.6,158.8,3605.71,10373.9,65.37,113.85,167.65,5.96,8.78,2.48
kimik3_llmd_stage5_mooncake_lustre_c8,5,8,129.3,8.08,1607.6,100.5,425.59,670.7,23.62,34.45,36.16,27.66,29.03,64.16
kimik3_llmd_stage5_mooncake_lustre_c16,5,16,163.9,10.24,2769.1,173.1,561.1,1299.8,28.27,36.02,40.21,24.87,27.77,76.45
kimik3_llmd_stage5_mooncake_lustre_c32,5,32,167.6,10.48,4090.0,255.6,834.5,1899.4,40.85,55.58,63.71,15.7,17.99,71.91
kimik3_llmd_stage5_mooncake_lustre_c64,5,64,94.5,5.91,2579.7,161.2,1988.92,4390.4,64.11,93.31,116.03,8.62,10.72,36.77
kimik3_llmd_stage5_mooncake_lustre_c128,5,128,108.9,6.81,2068.2,129.3,2659.28,8546.3,64.91,108.1,153.58,6.51,9.25,3.09
